{
  "overall": {
    "case_count": 262,
    "metrics": {
      "action_recall": 0.16129032258064516,
      "average_target_length": 795.5076335877862,
      "beat_count_accuracy": 0.2595419847328244,
      "canonical_parse_rate": 0.9656488549618321,
      "case_strict_success_rate": 0.026717557251908396,
      "chronology_phase_accuracy": 0.07251908396946564,
      "dangling_target_rate": 0.02564102564102564,
      "described_action_precision": 1.0,
      "exact_marked_object_id_accuracy": 1.0,
      "json_valid_rate": 0.9656488549618321,
      "llm_accept_rate": 0.16030534351145037,
      "llm_merge_rate": 0.03435114503816794,
      "llm_reject_rate": 0.8053435114503816,
      "marked_object_recall": 1.0,
      "ordinal_actor_binding_accuracy": 0.9513888888888888,
      "prediction_action_count_mean": 1.4351145038167938,
      "prediction_beat_count_mean": 2.1603053435114505,
      "runtime_fallback_rate": 0.8396946564885496,
      "schema_valid_rate": 0.9618320610687023,
      "target_resolution_accuracy": 0.1811965811965812
    },
    "supports": {
      "actions_expected": 713,
      "beat_cases": 262,
      "cases": 262,
      "chronology_cases": 262,
      "marked_refs": 84,
      "ordinal_refs": 576,
      "policy_cases": 262,
      "required_target_actions": 39,
      "target_actions": 585
    },
    "top_failure_clusters": [
      {
        "cluster_id": "synthetic_heldout::target_resolution_fail::none",
        "count": 97
      },
      {
        "cluster_id": "hard_heldout::target_resolution_fail::ordinal_cases",
        "count": 76
      },
      {
        "cluster_id": "real_runtime::target_resolution_fail::exact_marker_identity_cases",
        "count": 45
      }
    ]
  },
  "run_metadata": {
    "bundle_id": "sgv7_eval_bundle_v1",
    "bundle_version": "eval_bundle_v1",
    "checkpoint_id": "dataset_v7_orpo_iter1_seed42",
    "contract_version": "sg_v7_contract_v1",
    "decoding_snapshot_hash": "f9779b62a87f9d0c163c51a41bf61e8c23e2223699acdbbf5f7ebba2bbc5d246",
    "grammar_snapshot_hash": "a1f2fc00a384faa69e8177cf9077b50b7e0086cba8f35abbf6fde9ad47af4945",
    "normalization_snapshot_hash": "678bdc22303cae685242a0356ccfddcefb3207d99d05909f80199a6670cf9f71",
    "prompt_snapshot_hash": "6b8fbd0d86cbf3ca09d36516a7e8ec22a96c14b9badde3bdae113dc91a7f940b",
    "runtime_policy_snapshot_hash": "75374ebdf4fa5bf39a9a21543ad6e96fa4d53318d07e25c6ce68411311c19335",
    "seed": 20260421
  },
  "sets": {
    "hard_heldout": {
      "case_count": 89,
      "metrics": {
        "action_recall": 0.02197802197802198,
        "average_target_length": 932.6516853932584,
        "beat_count_accuracy": 0.0449438202247191,
        "canonical_parse_rate": 0.9213483146067416,
        "case_strict_success_rate": 0.0,
        "chronology_phase_accuracy": 0.0,
        "dangling_target_rate": 0.3333333333333333,
        "described_action_precision": 1.0,
        "exact_marked_object_id_accuracy": 0.0,
        "json_valid_rate": 0.9213483146067416,
        "llm_accept_rate": 0.21348314606741572,
        "llm_merge_rate": 0.056179775280898875,
        "llm_reject_rate": 0.7303370786516854,
        "marked_object_recall": 0.0,
        "ordinal_actor_binding_accuracy": 0.9176029962546817,
        "prediction_action_count_mean": 0.8651685393258427,
        "prediction_beat_count_mean": 2.662921348314607,
        "runtime_fallback_rate": 0.7865168539325843,
        "schema_valid_rate": 0.9101123595505618,
        "target_resolution_accuracy": 0.025
      },
      "supports": {
        "actions_expected": 273,
        "beat_cases": 89,
        "cases": 89,
        "chronology_cases": 89,
        "marked_refs": 0,
        "ordinal_refs": 267,
        "policy_cases": 89,
        "required_target_actions": 3,
        "target_actions": 200
      },
      "top_failure_clusters": [
        {
          "cluster_id": "hard_heldout::target_resolution_fail::ordinal_cases",
          "count": 76
        },
        {
          "cluster_id": "hard_heldout::json_invalid::three_beat_cases",
          "count": 7
        },
        {
          "cluster_id": "hard_heldout::target_resolution_fail::three_beat_cases",
          "count": 4
        }
      ]
    },
    "real_runtime": {
      "case_count": 64,
      "metrics": {
        "action_recall": 0.319047619047619,
        "average_target_length": 877.109375,
        "beat_count_accuracy": 0.390625,
        "canonical_parse_rate": 0.96875,
        "case_strict_success_rate": 0.109375,
        "chronology_phase_accuracy": 0.109375,
        "dangling_target_rate": 0.0,
        "described_action_precision": 1.0,
        "exact_marked_object_id_accuracy": 1.0,
        "json_valid_rate": 0.96875,
        "llm_accept_rate": 0.359375,
        "llm_merge_rate": 0.0,
        "llm_reject_rate": 0.640625,
        "marked_object_recall": 1.0,
        "ordinal_actor_binding_accuracy": 0.9565217391304348,
        "prediction_action_count_mean": 1.84375,
        "prediction_beat_count_mean": 2.34375,
        "runtime_fallback_rate": 0.640625,
        "schema_valid_rate": 0.96875,
        "target_resolution_accuracy": 0.3782051282051282
      },
      "supports": {
        "actions_expected": 210,
        "beat_cases": 64,
        "cases": 64,
        "chronology_cases": 64,
        "marked_refs": 84,
        "ordinal_refs": 138,
        "policy_cases": 64,
        "required_target_actions": 36,
        "target_actions": 156
      },
      "top_failure_clusters": [
        {
          "cluster_id": "real_runtime::target_resolution_fail::exact_marker_identity_cases",
          "count": 45
        },
        {
          "cluster_id": "real_runtime::pass::exact_marker_identity_cases",
          "count": 7
        },
        {
          "cluster_id": "real_runtime::target_resolution_fail::ordinal_cases",
          "count": 5
        }
      ]
    },
    "synthetic_heldout": {
      "case_count": 109,
      "metrics": {
        "action_recall": 0.1826086956521739,
        "average_target_length": 635.6146788990826,
        "beat_count_accuracy": 0.3577981651376147,
        "canonical_parse_rate": 1.0,
        "case_strict_success_rate": 0.0,
        "chronology_phase_accuracy": 0.11009174311926606,
        "dangling_target_rate": 0.0,
        "described_action_precision": 1.0,
        "exact_marked_object_id_accuracy": 0.0,
        "json_valid_rate": 1.0,
        "llm_accept_rate": 0.0,
        "llm_merge_rate": 0.03669724770642202,
        "llm_reject_rate": 0.963302752293578,
        "marked_object_recall": 0.0,
        "ordinal_actor_binding_accuracy": 1.0,
        "prediction_action_count_mean": 1.6605504587155964,
        "prediction_beat_count_mean": 1.6422018348623852,
        "runtime_fallback_rate": 1.0,
        "schema_valid_rate": 1.0,
        "target_resolution_accuracy": 0.18340611353711792
      },
      "supports": {
        "actions_expected": 230,
        "beat_cases": 109,
        "cases": 109,
        "chronology_cases": 109,
        "marked_refs": 0,
        "ordinal_refs": 171,
        "policy_cases": 109,
        "required_target_actions": 0,
        "target_actions": 229
      },
      "top_failure_clusters": [
        {
          "cluster_id": "synthetic_heldout::target_resolution_fail::none",
          "count": 97
        },
        {
          "cluster_id": "synthetic_heldout::fallback_reject::none",
          "count": 12
        }
      ]
    }
  }
}
