{
  "overall": {
    "case_count": 262,
    "metrics": {
      "action_recall": 0.11079943899018233,
      "average_target_length": 757.8167938931298,
      "beat_count_accuracy": 0.2480916030534351,
      "canonical_parse_rate": 0.950381679389313,
      "case_strict_success_rate": 0.03816793893129771,
      "chronology_phase_accuracy": 0.08396946564885496,
      "dangling_target_rate": 0.045454545454545456,
      "described_action_precision": 1.0,
      "exact_marked_object_id_accuracy": 0.9880952380952381,
      "json_valid_rate": 0.950381679389313,
      "llm_accept_rate": 0.05343511450381679,
      "llm_merge_rate": 0.0,
      "llm_reject_rate": 0.9465648854961832,
      "marked_object_recall": 0.9880952380952381,
      "ordinal_actor_binding_accuracy": 0.9340277777777778,
      "prediction_action_count_mean": 0.3282442748091603,
      "prediction_beat_count_mean": 2.145038167938931,
      "runtime_fallback_rate": 0.9465648854961832,
      "schema_valid_rate": 0.9465648854961832,
      "target_resolution_accuracy": 0.11623931623931624
    },
    "supports": {
      "actions_expected": 713,
      "beat_cases": 262,
      "cases": 262,
      "chronology_cases": 262,
      "marked_refs": 84,
      "ordinal_refs": 576,
      "policy_cases": 262,
      "required_target_actions": 22,
      "target_actions": 585
    },
    "top_failure_clusters": [
      {
        "cluster_id": "synthetic_heldout::target_resolution_fail::none",
        "count": 97
      },
      {
        "cluster_id": "hard_heldout::target_resolution_fail::ordinal_cases",
        "count": 77
      },
      {
        "cluster_id": "real_runtime::target_resolution_fail::exact_marker_identity_cases",
        "count": 43
      }
    ]
  },
  "run_metadata": {
    "bundle_id": "sgv7_eval_bundle_v1",
    "bundle_version": "eval_bundle_v1",
    "checkpoint_id": "dataset_v7_orpo_iter2_seed42",
    "contract_version": "sg_v7_contract_v1",
    "decoding_snapshot_hash": "f9779b62a87f9d0c163c51a41bf61e8c23e2223699acdbbf5f7ebba2bbc5d246",
    "grammar_snapshot_hash": "a1f2fc00a384faa69e8177cf9077b50b7e0086cba8f35abbf6fde9ad47af4945",
    "normalization_snapshot_hash": "678bdc22303cae685242a0356ccfddcefb3207d99d05909f80199a6670cf9f71",
    "prompt_snapshot_hash": "6b8fbd0d86cbf3ca09d36516a7e8ec22a96c14b9badde3bdae113dc91a7f940b",
    "runtime_policy_snapshot_hash": "75374ebdf4fa5bf39a9a21543ad6e96fa4d53318d07e25c6ce68411311c19335",
    "seed": 20260419
  },
  "sets": {
    "hard_heldout": {
      "case_count": 89,
      "metrics": {
        "action_recall": 0.014652014652014652,
        "average_target_length": 903.8876404494382,
        "beat_count_accuracy": 0.0449438202247191,
        "canonical_parse_rate": 0.9101123595505618,
        "case_strict_success_rate": 0.0,
        "chronology_phase_accuracy": 0.0,
        "dangling_target_rate": 0.5,
        "described_action_precision": 1.0,
        "exact_marked_object_id_accuracy": 0.0,
        "json_valid_rate": 0.9101123595505618,
        "llm_accept_rate": 0.033707865168539325,
        "llm_merge_rate": 0.0,
        "llm_reject_rate": 0.9662921348314607,
        "marked_object_recall": 0.0,
        "ordinal_actor_binding_accuracy": 0.9101123595505618,
        "prediction_action_count_mean": 0.10112359550561797,
        "prediction_beat_count_mean": 2.640449438202247,
        "runtime_fallback_rate": 0.9662921348314607,
        "schema_valid_rate": 0.898876404494382,
        "target_resolution_accuracy": 0.015
      },
      "supports": {
        "actions_expected": 273,
        "beat_cases": 89,
        "cases": 89,
        "chronology_cases": 89,
        "marked_refs": 0,
        "ordinal_refs": 267,
        "policy_cases": 89,
        "required_target_actions": 2,
        "target_actions": 200
      },
      "top_failure_clusters": [
        {
          "cluster_id": "hard_heldout::target_resolution_fail::ordinal_cases",
          "count": 77
        },
        {
          "cluster_id": "hard_heldout::json_invalid::three_beat_cases",
          "count": 8
        },
        {
          "cluster_id": "hard_heldout::target_resolution_fail::three_beat_cases",
          "count": 3
        }
      ]
    },
    "real_runtime": {
      "case_count": 64,
      "metrics": {
        "action_recall": 0.24285714285714285,
        "average_target_length": 830.796875,
        "beat_count_accuracy": 0.296875,
        "canonical_parse_rate": 0.921875,
        "case_strict_success_rate": 0.15625,
        "chronology_phase_accuracy": 0.15625,
        "dangling_target_rate": 0.0,
        "described_action_precision": 1.0,
        "exact_marked_object_id_accuracy": 0.9880952380952381,
        "json_valid_rate": 0.921875,
        "llm_accept_rate": 0.171875,
        "llm_merge_rate": 0.0,
        "llm_reject_rate": 0.828125,
        "marked_object_recall": 0.9880952380952381,
        "ordinal_actor_binding_accuracy": 0.8985507246376812,
        "prediction_action_count_mean": 0.828125,
        "prediction_beat_count_mean": 2.296875,
        "runtime_fallback_rate": 0.828125,
        "schema_valid_rate": 0.921875,
        "target_resolution_accuracy": 0.26282051282051283
      },
      "supports": {
        "actions_expected": 210,
        "beat_cases": 64,
        "cases": 64,
        "chronology_cases": 64,
        "marked_refs": 84,
        "ordinal_refs": 138,
        "policy_cases": 64,
        "required_target_actions": 20,
        "target_actions": 156
      },
      "top_failure_clusters": [
        {
          "cluster_id": "real_runtime::target_resolution_fail::exact_marker_identity_cases",
          "count": 43
        },
        {
          "cluster_id": "real_runtime::pass::exact_marker_identity_cases",
          "count": 10
        },
        {
          "cluster_id": "real_runtime::target_resolution_fail::ordinal_cases",
          "count": 4
        }
      ]
    },
    "synthetic_heldout": {
      "case_count": 109,
      "metrics": {
        "action_recall": 0.10434782608695652,
        "average_target_length": 595.697247706422,
        "beat_count_accuracy": 0.3853211009174312,
        "canonical_parse_rate": 1.0,
        "case_strict_success_rate": 0.0,
        "chronology_phase_accuracy": 0.11009174311926606,
        "dangling_target_rate": 0.0,
        "described_action_precision": 1.0,
        "exact_marked_object_id_accuracy": 0.0,
        "json_valid_rate": 1.0,
        "llm_accept_rate": 0.0,
        "llm_merge_rate": 0.0,
        "llm_reject_rate": 1.0,
        "marked_object_recall": 0.0,
        "ordinal_actor_binding_accuracy": 1.0,
        "prediction_action_count_mean": 0.22018348623853212,
        "prediction_beat_count_mean": 1.651376146788991,
        "runtime_fallback_rate": 1.0,
        "schema_valid_rate": 1.0,
        "target_resolution_accuracy": 0.10480349344978165
      },
      "supports": {
        "actions_expected": 230,
        "beat_cases": 109,
        "cases": 109,
        "chronology_cases": 109,
        "marked_refs": 0,
        "ordinal_refs": 171,
        "policy_cases": 109,
        "required_target_actions": 0,
        "target_actions": 229
      },
      "top_failure_clusters": [
        {
          "cluster_id": "synthetic_heldout::target_resolution_fail::none",
          "count": 97
        },
        {
          "cluster_id": "synthetic_heldout::fallback_reject::none",
          "count": 12
        }
      ]
    }
  }
}
