{
  "buckets": {
    "exact_marker_identity_cases": {
      "case_count": 54,
      "metrics": {
        "action_recall": 0.7388888888888889,
        "average_target_length": 1254.0925925925926,
        "beat_count_accuracy": 0.12962962962962962,
        "canonical_parse_rate": 0.9814814814814815,
        "case_strict_success_rate": 0.37037037037037035,
        "chronology_phase_accuracy": 0.37037037037037035,
        "dangling_target_rate": 0.36585365853658536,
        "described_action_precision": 1.0,
        "exact_marked_object_id_accuracy": 0.9880952380952381,
        "json_valid_rate": 0.9814814814814815,
        "llm_accept_rate": 0.9814814814814815,
        "llm_merge_rate": 0.0,
        "llm_reject_rate": 0.018518518518518517,
        "marked_object_recall": 0.9880952380952381,
        "ordinal_actor_binding_accuracy": 0.9444444444444444,
        "prediction_action_count_mean": 4.388888888888889,
        "prediction_beat_count_mean": 2.814814814814815,
        "runtime_fallback_rate": 0.018518518518518517,
        "schema_valid_rate": 0.42592592592592593,
        "target_resolution_accuracy": 0.7777777777777778
      },
      "supports": {
        "actions_expected": 180,
        "beat_cases": 54,
        "cases": 54,
        "chronology_cases": 54,
        "marked_refs": 84,
        "ordinal_refs": 108,
        "policy_cases": 54,
        "required_target_actions": 164,
        "target_actions": 126
      }
    },
    "marked_object_morphology": {
      "case_count": 54,
      "metrics": {
        "action_recall": 0.7388888888888889,
        "average_target_length": 1254.0925925925926,
        "beat_count_accuracy": 0.12962962962962962,
        "canonical_parse_rate": 0.9814814814814815,
        "case_strict_success_rate": 0.37037037037037035,
        "chronology_phase_accuracy": 0.37037037037037035,
        "dangling_target_rate": 0.36585365853658536,
        "described_action_precision": 1.0,
        "exact_marked_object_id_accuracy": 0.9880952380952381,
        "json_valid_rate": 0.9814814814814815,
        "llm_accept_rate": 0.9814814814814815,
        "llm_merge_rate": 0.0,
        "llm_reject_rate": 0.018518518518518517,
        "marked_object_recall": 0.9880952380952381,
        "ordinal_actor_binding_accuracy": 0.9444444444444444,
        "prediction_action_count_mean": 4.388888888888889,
        "prediction_beat_count_mean": 2.814814814814815,
        "runtime_fallback_rate": 0.018518518518518517,
        "schema_valid_rate": 0.42592592592592593,
        "target_resolution_accuracy": 0.7777777777777778
      },
      "supports": {
        "actions_expected": 180,
        "beat_cases": 54,
        "cases": 54,
        "chronology_cases": 54,
        "marked_refs": 84,
        "ordinal_refs": 108,
        "policy_cases": 54,
        "required_target_actions": 164,
        "target_actions": 126
      }
    },
    "ordinal_cases": {
      "case_count": 137,
      "metrics": {
        "action_recall": 0.5083532219570406,
        "average_target_length": 1022.2846715328467,
        "beat_count_accuracy": 0.12408759124087591,
        "canonical_parse_rate": 0.9781021897810219,
        "case_strict_success_rate": 0.19708029197080293,
        "chronology_phase_accuracy": 0.19708029197080293,
        "dangling_target_rate": 0.6711590296495957,
        "described_action_precision": 1.0,
        "exact_marked_object_id_accuracy": 0.9880952380952381,
        "json_valid_rate": 0.9781021897810219,
        "llm_accept_rate": 0.4744525547445255,
        "llm_merge_rate": 0.5036496350364964,
        "llm_reject_rate": 0.021897810218978103,
        "marked_object_recall": 0.9880952380952381,
        "ordinal_actor_binding_accuracy": 0.9411764705882353,
        "prediction_action_count_mean": 4.0583941605839415,
        "prediction_beat_count_mean": 2.7445255474452557,
        "runtime_fallback_rate": 0.5255474452554745,
        "schema_valid_rate": 0.24817518248175183,
        "target_resolution_accuracy": 0.5342465753424658
      },
      "supports": {
        "actions_expected": 419,
        "beat_cases": 137,
        "cases": 137,
        "chronology_cases": 137,
        "marked_refs": 84,
        "ordinal_refs": 357,
        "policy_cases": 137,
        "required_target_actions": 371,
        "target_actions": 292
      }
    },
    "reviewed_merge_cases": {
      "case_count": 0,
      "metrics": {
        "action_recall": 0.0,
        "average_target_length": 0.0,
        "beat_count_accuracy": 0.0,
        "canonical_parse_rate": 0.0,
        "case_strict_success_rate": 0.0,
        "chronology_phase_accuracy": 0.0,
        "dangling_target_rate": 0.0,
        "described_action_precision": 1.0,
        "exact_marked_object_id_accuracy": 0.0,
        "json_valid_rate": 0.0,
        "llm_accept_rate": 0.0,
        "llm_merge_rate": 0.0,
        "llm_reject_rate": 0.0,
        "marked_object_recall": 0.0,
        "ordinal_actor_binding_accuracy": 0.0,
        "prediction_action_count_mean": 0.0,
        "prediction_beat_count_mean": 0.0,
        "runtime_fallback_rate": 0.0,
        "schema_valid_rate": 0.0,
        "target_resolution_accuracy": 0.0
      },
      "supports": {
        "actions_expected": 0,
        "beat_cases": 0,
        "cases": 0,
        "chronology_cases": 0,
        "marked_refs": 0,
        "ordinal_refs": 0,
        "policy_cases": 0,
        "required_target_actions": 0,
        "target_actions": 0
      }
    },
    "same_type_markers": {
      "case_count": 30,
      "metrics": {
        "action_recall": 0.7166666666666667,
        "average_target_length": 1098.0666666666666,
        "beat_count_accuracy": 0.0,
        "canonical_parse_rate": 1.0,
        "case_strict_success_rate": 0.4666666666666667,
        "chronology_phase_accuracy": 0.4666666666666667,
        "dangling_target_rate": 0.6666666666666666,
        "described_action_precision": 1.0,
        "exact_marked_object_id_accuracy": 1.0,
        "json_valid_rate": 1.0,
        "llm_accept_rate": 1.0,
        "llm_merge_rate": 0.0,
        "llm_reject_rate": 0.0,
        "marked_object_recall": 1.0,
        "ordinal_actor_binding_accuracy": 0.9666666666666667,
        "prediction_action_count_mean": 3.0,
        "prediction_beat_count_mean": 2.0,
        "runtime_fallback_rate": 0.0,
        "schema_valid_rate": 0.0,
        "target_resolution_accuracy": 0.4666666666666667
      },
      "supports": {
        "actions_expected": 60,
        "beat_cases": 30,
        "cases": 30,
        "chronology_cases": 30,
        "marked_refs": 60,
        "ordinal_refs": 60,
        "policy_cases": 30,
        "required_target_actions": 90,
        "target_actions": 30
      }
    },
    "three_beat_cases": {
      "case_count": 40,
      "metrics": {
        "action_recall": 0.5543478260869565,
        "average_target_length": 1183.375,
        "beat_count_accuracy": 0.175,
        "canonical_parse_rate": 0.825,
        "case_strict_success_rate": 0.15,
        "chronology_phase_accuracy": 0.15,
        "dangling_target_rate": 0.0,
        "described_action_precision": 1.0,
        "exact_marked_object_id_accuracy": 0.9583333333333334,
        "json_valid_rate": 0.825,
        "llm_accept_rate": 0.825,
        "llm_merge_rate": 0.0,
        "llm_reject_rate": 0.175,
        "marked_object_recall": 0.9583333333333334,
        "ordinal_actor_binding_accuracy": 0.7708333333333334,
        "prediction_action_count_mean": 4.75,
        "prediction_beat_count_mean": 3.3,
        "runtime_fallback_rate": 0.175,
        "schema_valid_rate": 0.825,
        "target_resolution_accuracy": 0.6
      },
      "supports": {
        "actions_expected": 184,
        "beat_cases": 40,
        "cases": 40,
        "chronology_cases": 40,
        "marked_refs": 24,
        "ordinal_refs": 96,
        "policy_cases": 40,
        "required_target_actions": 74,
        "target_actions": 160
      }
    },
    "unsupported_action_cases": {
      "case_count": 0,