{
  "overall": {
    "case_count": 262,
    "metrics": {
      "action_recall": 0.391304347826087,
      "average_target_length": 662.1946564885496,
      "beat_count_accuracy": 0.23282442748091603,
      "canonical_parse_rate": 0.6870229007633588,
      "case_strict_success_rate": 0.10305343511450382,
      "chronology_phase_accuracy": 0.14122137404580154,
      "dangling_target_rate": 0.39215686274509803,
      "described_action_precision": 1.0,
      "exact_marked_object_id_accuracy": 0.9880952380952381,
      "json_valid_rate": 0.6870229007633588,
      "llm_accept_rate": 0.2862595419847328,
      "llm_merge_rate": 0.08015267175572519,
      "llm_reject_rate": 0.6335877862595419,
      "marked_object_recall": 0.9880952380952381,
      "ordinal_actor_binding_accuracy": 0.5399305555555556,
      "prediction_action_count_mean": 2.1717557251908395,
      "prediction_beat_count_mean": 1.717557251908397,
      "runtime_fallback_rate": 0.7137404580152672,
      "schema_valid_rate": 0.5229007633587787,
      "target_resolution_accuracy": 0.4153846153846154
    },
    "supports": {
      "actions_expected": 713,
      "beat_cases": 262,
      "cases": 262,
      "chronology_cases": 262,
      "marked_refs": 84,
      "ordinal_refs": 576,
      "policy_cases": 262,
      "required_target_actions": 204,
      "target_actions": 585
    },
    "top_failure_clusters": [
      {
        "cluster_id": "hard_heldout::json_invalid::ordinal_cases",
        "count": 59
      },
      {
        "cluster_id": "synthetic_heldout::chronology_phase_fail::none",
        "count": 39
      },
      {
        "cluster_id": "synthetic_heldout::ordinal_binding_fail::none",
        "count": 38
      }
    ]
  },
  "run_metadata": {
    "bundle_id": "sgv7_eval_bundle_v1",
    "bundle_version": "eval_bundle_v1",
    "checkpoint_id": "dataset_v8_plan_orpo_iter1_seed42",
    "contract_version": "sg_v7_contract_v1",
    "decoding_snapshot_hash": "f9779b62a87f9d0c163c51a41bf61e8c23e2223699acdbbf5f7ebba2bbc5d246",
    "grammar_snapshot_hash": "a1f2fc00a384faa69e8177cf9077b50b7e0086cba8f35abbf6fde9ad47af4945",
    "normalization_snapshot_hash": "678bdc22303cae685242a0356ccfddcefb3207d99d05909f80199a6670cf9f71",
    "prompt_snapshot_hash": "6b8fbd0d86cbf3ca09d36516a7e8ec22a96c14b9badde3bdae113dc91a7f940b",
    "runtime_policy_snapshot_hash": "75374ebdf4fa5bf39a9a21543ad6e96fa4d53318d07e25c6ce68411311c19335",
    "seed": 20260421
  },
  "sets": {
    "hard_heldout": {
      "case_count": 89,
      "metrics": {
        "action_recall": 0.08424908424908426,
        "average_target_length": 280.4943820224719,
        "beat_count_accuracy": 0.056179775280898875,
        "canonical_parse_rate": 0.2808988764044944,
        "case_strict_success_rate": 0.0449438202247191,
        "chronology_phase_accuracy": 0.0449438202247191,
        "dangling_target_rate": 0.5263157894736842,
        "described_action_precision": 1.0,
        "exact_marked_object_id_accuracy": 0.0,
        "json_valid_rate": 0.2808988764044944,
        "llm_accept_rate": 0.14606741573033707,
        "llm_merge_rate": 0.1348314606741573,
        "llm_reject_rate": 0.7191011235955056,
        "marked_object_recall": 0.0,
        "ordinal_actor_binding_accuracy": 0.2696629213483146,
        "prediction_action_count_mean": 1.0337078651685394,
        "prediction_beat_count_mean": 0.8539325842696629,
        "runtime_fallback_rate": 0.8539325842696629,
        "schema_valid_rate": 0.1348314606741573,
        "target_resolution_accuracy": 0.11
      },
      "supports": {
        "actions_expected": 273,
        "beat_cases": 89,
        "cases": 89,
        "chronology_cases": 89,
        "marked_refs": 0,
        "ordinal_refs": 267,
        "policy_cases": 89,
        "required_target_actions": 38,
        "target_actions": 200
      },
      "top_failure_clusters": [
        {
          "cluster_id": "hard_heldout::json_invalid::ordinal_cases",
          "count": 59
        },
        {
          "cluster_id": "hard_heldout::schema_invalid::ordinal_cases",
          "count": 13
        },
        {
          "cluster_id": "hard_heldout::target_resolution_fail::three_beat_cases",
          "count": 6
        }
      ]
    },
    "real_runtime": {
      "case_count": 64,
      "metrics": {
        "action_recall": 0.6952380952380952,
        "average_target_length": 1201.234375,
        "beat_count_accuracy": 0.1875,
        "canonical_parse_rate": 0.96875,
        "case_strict_success_rate": 0.359375,
        "chronology_phase_accuracy": 0.359375,
        "dangling_target_rate": 0.36585365853658536,
        "described_action_precision": 1.0,
        "exact_marked_object_id_accuracy": 0.9880952380952381,
        "json_valid_rate": 0.96875,
        "llm_accept_rate": 0.96875,
        "llm_merge_rate": 0.0,
        "llm_reject_rate": 0.03125,
        "marked_object_recall": 0.9880952380952381,
        "ordinal_actor_binding_accuracy": 0.9347826086956522,
        "prediction_action_count_mean": 4.140625,
        "prediction_beat_count_mean": 2.78125,
        "runtime_fallback_rate": 0.03125,
        "schema_valid_rate": 0.5,
        "target_resolution_accuracy": 0.7115384615384616
      },
      "supports": {
        "actions_expected": 210,
        "beat_cases": 64,
        "cases": 64,
        "chronology_cases": 64,
        "marked_refs": 84,
        "ordinal_refs": 138,
        "policy_cases": 64,
        "required_target_actions": 164,
        "target_actions": 156
      },
      "top_failure_clusters": [
        {
          "cluster_id": "real_runtime::schema_invalid::exact_marker_identity_cases",
          "count": 30
        },
        {
          "cluster_id": "real_runtime::chronology_phase_fail::exact_marker_identity_cases",
          "count": 14
        },
        {
          "cluster_id": "real_runtime::pass::exact_marker_identity_cases",
          "count": 6
        }
      ]
    },
    "synthetic_heldout": {
      "case_count": 109,
      "metrics": {
        "action_recall": 0.4782608695652174,
        "average_target_length": 657.3577981651376,
        "beat_count_accuracy": 0.4036697247706422,
        "canonical_parse_rate": 0.8532110091743119,
        "case_strict_success_rate": 0.0,
        "chronology_phase_accuracy": 0.09174311926605505,
        "dangling_target_rate": 0.0,
        "described_action_precision": 1.0,
        "exact_marked_object_id_accuracy": 0.0,
        "json_valid_rate": 0.8532110091743119,
        "llm_accept_rate": 0.0,
        "llm_merge_rate": 0.08256880733944955,
        "llm_reject_rate": 0.9174311926605505,
        "marked_object_recall": 0.0,
        "ordinal_actor_binding_accuracy": 0.6432748538011696,
        "prediction_action_count_mean": 1.944954128440367,
        "prediction_beat_count_mean": 1.798165137614679,
        "runtime_fallback_rate": 1.0,
        "schema_valid_rate": 0.8532110091743119,
        "target_resolution_accuracy": 0.48034934497816595
      },
      "supports": {
        "actions_expected": 230,
        "beat_cases": 109,
        "cases": 109,
        "chronology_cases": 109,
        "marked_refs": 0,
        "ordinal_refs": 171,
        "policy_cases": 109,
        "required_target_actions": 2,
        "target_actions": 229
      },
      "top_failure_clusters": [
        {
          "cluster_id": "synthetic_heldout::chronology_phase_fail::none",
          "count": 39
        },
        {
          "cluster_id": "synthetic_heldout::ordinal_binding_fail::none",
          "count": 38
        },
        {
          "cluster_id": "synthetic_heldout::json_invalid::none",
          "count": 16
        }
      ]
    }
  }
}
