model_id,slice,seed_count,json_valid_rate.mean,json_valid_rate.std,schema_valid_rate.mean,schema_valid_rate.std,ordinal_actor_binding_accuracy.mean,ordinal_actor_binding_accuracy.std,target_resolution_accuracy.mean,target_resolution_accuracy.std,chronology_phase_accuracy.mean,chronology_phase_accuracy.std,action_recall.mean,action_recall.std,runtime_fallback_rate.mean,runtime_fallback_rate.std,case_strict_success_rate.mean,case_strict_success_rate.std
dataset_v7_orpo_iter2,end_to_end,1,0.5916030534351145,0.0,0.5916030534351145,0.0,0.5260416666666666,0.0,0.1282051282051282,0.0,0.03435114503816794,0.0,0.12061711079943899,0.0,0.5076335877862596,0.0,0.03435114503816794,0.0
dataset_v7_orpo_iter2,model_only,1,0.950381679389313,0.0,0.950381679389313,0.0,0.9340277777777778,0.0,0.11282051282051282,0.0,0.08396946564885496,0.0,0.10659186535764376,0.0,0.9007633587786259,0.0,0.08396946564885496,0.0
dataset_v8_plan_orpo_iter1,end_to_end,1,0.950381679389313,0.0,0.950381679389313,0.0,0.8385416666666666,0.0,0.48034188034188036,0.0,0.14122137404580154,0.0,0.4740532959326788,0.0,0.3931297709923664,0.0,0.14122137404580154,0.0
dataset_v8_plan_orpo_iter1,model_only,1,0.950381679389313,0.0,0.950381679389313,0.0,0.8385416666666666,0.0,0.48034188034188036,0.0,0.14122137404580154,0.0,0.4740532959326788,0.0,0.3931297709923664,0.0,0.14122137404580154,0.0
dataset_v9_3_event_sft,end_to_end,1,1.0,0.0,1.0,0.0,1.0,0.0,0.9982905982905983,0.0,0.9961832061068703,0.0,0.9985974754558204,0.0,0.0,0.0,0.9961832061068703,0.0
dataset_v9_3_event_sft,model_only,1,1.0,0.0,1.0,0.0,1.0,0.0,0.9982905982905983,0.0,0.9961832061068703,0.0,0.9985974754558204,0.0,0.0,0.0,0.9961832061068703,0.0
