model_id,slice,seed_count,json_valid_rate.mean,json_valid_rate.std,schema_valid_rate.mean,schema_valid_rate.std,ordinal_actor_binding_accuracy.mean,ordinal_actor_binding_accuracy.std,target_resolution_accuracy.mean,target_resolution_accuracy.std,chronology_phase_accuracy.mean,chronology_phase_accuracy.std,action_recall.mean,action_recall.std,runtime_fallback_rate.mean,runtime_fallback_rate.std,case_strict_success_rate.mean,case_strict_success_rate.std
dataset_v7_orpo_iter2,end_to_end,1,0.5916030534351145,0.0,0.5916030534351145,0.0,0.5260416666666666,0.0,0.1282051282051282,0.0,0.03435114503816794,0.0,0.12061711079943899,0.0,0.8549618320610687,0.0,0.03435114503816794,0.0
dataset_v7_orpo_iter2,model_only,1,0.950381679389313,0.0,0.9465648854961832,0.0,0.9340277777777778,0.0,0.11282051282051282,0.0,0.08396946564885496,0.0,0.10659186535764376,0.0,0.950381679389313,0.0,0.03435114503816794,0.0
dataset_v8_plan_orpo_iter1,end_to_end,1,0.950381679389313,0.0,0.5648854961832062,0.0,0.8385416666666666,0.0,0.48034188034188036,0.0,0.14122137404580154,0.0,0.4740532959326788,0.0,0.7137404580152672,0.0,0.10305343511450382,0.0
dataset_v8_plan_orpo_iter1,model_only,1,0.950381679389313,0.0,0.5648854961832062,0.0,0.8385416666666666,0.0,0.48034188034188036,0.0,0.14122137404580154,0.0,0.4740532959326788,0.0,0.7137404580152672,0.0,0.10305343511450382,0.0
dataset_v9_2_event_sft,end_to_end,1,1.0,0.0,0.6068702290076335,0.0,1.0,0.0,0.9811965811965812,0.0,0.9694656488549618,0.0,0.9845722300140253,0.0,0.4198473282442748,0.0,0.5572519083969466,0.0
dataset_v9_2_event_sft,model_only,1,1.0,0.0,0.6068702290076335,0.0,1.0,0.0,0.9811965811965812,0.0,0.9694656488549618,0.0,0.9845722300140253,0.0,0.4198473282442748,0.0,0.5572519083969466,0.0
