{
  "buckets": {
    "exact_marker_identity_cases": {
      "case_count": 54,
      "metrics": {
        "action_recall": 0.37222222222222223,
        "average_target_length": 923.8518518518518,
        "beat_count_accuracy": 0.35185185185185186,
        "canonical_parse_rate": 0.9814814814814815,
        "case_strict_success_rate": 0.16666666666666666,
        "chronology_phase_accuracy": 0.16666666666666666,
        "dangling_target_rate": 0.0,
        "described_action_precision": 1.0,
        "exact_marked_object_id_accuracy": 0.9880952380952381,
        "json_valid_rate": 0.9814814814814815,
        "llm_accept_rate": 0.35185185185185186,
        "llm_merge_rate": 0.0,
        "llm_reject_rate": 0.6481481481481481,
        "marked_object_recall": 0.9880952380952381,
        "ordinal_actor_binding_accuracy": 0.9814814814814815,
        "prediction_action_count_mean": 1.9074074074074074,
        "prediction_beat_count_mean": 2.5,
        "runtime_fallback_rate": 0.6481481481481481,
        "schema_valid_rate": 0.9814814814814815,
        "target_resolution_accuracy": 0.4523809523809524
      },
      "supports": {
        "actions_expected": 180,
        "beat_cases": 54,
        "cases": 54,
        "chronology_cases": 54,
        "marked_refs": 84,
        "ordinal_refs": 108,
        "policy_cases": 54,
        "required_target_actions": 36,
        "target_actions": 126
      }
    },
    "marked_object_morphology": {
      "case_count": 54,
      "metrics": {
        "action_recall": 0.37222222222222223,
        "average_target_length": 923.8518518518518,
        "beat_count_accuracy": 0.35185185185185186,
        "canonical_parse_rate": 0.9814814814814815,
        "case_strict_success_rate": 0.16666666666666666,
        "chronology_phase_accuracy": 0.16666666666666666,
        "dangling_target_rate": 0.0,
        "described_action_precision": 1.0,
        "exact_marked_object_id_accuracy": 0.9880952380952381,
        "json_valid_rate": 0.9814814814814815,
        "llm_accept_rate": 0.35185185185185186,
        "llm_merge_rate": 0.0,
        "llm_reject_rate": 0.6481481481481481,
        "marked_object_recall": 0.9880952380952381,
        "ordinal_actor_binding_accuracy": 0.9814814814814815,
        "prediction_action_count_mean": 1.9074074074074074,
        "prediction_beat_count_mean": 2.5,
        "runtime_fallback_rate": 0.6481481481481481,
        "schema_valid_rate": 0.9814814814814815,
        "target_resolution_accuracy": 0.4523809523809524
      },
      "supports": {
        "actions_expected": 180,
        "beat_cases": 54,
        "cases": 54,
        "chronology_cases": 54,
        "marked_refs": 84,
        "ordinal_refs": 108,
        "policy_cases": 54,
        "required_target_actions": 36,
        "target_actions": 126
      }
    },
    "ordinal_cases": {
      "case_count": 137,
      "metrics": {
        "action_recall": 0.16945107398568018,
        "average_target_length": 954.9197080291971,
        "beat_count_accuracy": 0.15328467153284672,
        "canonical_parse_rate": 0.9854014598540146,
        "case_strict_success_rate": 0.06569343065693431,
        "chronology_phase_accuracy": 0.06569343065693431,
        "dangling_target_rate": 0.02564102564102564,
        "described_action_precision": 1.0,
        "exact_marked_object_id_accuracy": 0.9880952380952381,
        "json_valid_rate": 0.9854014598540146,
        "llm_accept_rate": 0.26277372262773724,
        "llm_merge_rate": 0.058394160583941604,
        "llm_reject_rate": 0.6788321167883211,
        "marked_object_recall": 0.9880952380952381,
        "ordinal_actor_binding_accuracy": 0.9859943977591037,
        "prediction_action_count_mean": 1.2627737226277371,
        "prediction_beat_count_mean": 2.6423357664233578,
        "runtime_fallback_rate": 0.7372262773722628,
        "schema_valid_rate": 0.9781021897810219,
        "target_resolution_accuracy": 0.2054794520547945
      },
      "supports": {
        "actions_expected": 419,
        "beat_cases": 137,
        "cases": 137,
        "chronology_cases": 137,
        "marked_refs": 84,
        "ordinal_refs": 357,
        "policy_cases": 137,
        "required_target_actions": 39,
        "target_actions": 292
      }
    },
    "reviewed_merge_cases": {
      "case_count": 0,
      "metrics": {
        "action_recall": 0.0,
        "average_target_length": 0.0,
        "beat_count_accuracy": 0.0,
        "canonical_parse_rate": 0.0,
        "case_strict_success_rate": 0.0,
        "chronology_phase_accuracy": 0.0,
        "dangling_target_rate": 0.0,
        "described_action_precision": 1.0,
        "exact_marked_object_id_accuracy": 0.0,
        "json_valid_rate": 0.0,
        "llm_accept_rate": 0.0,
        "llm_merge_rate": 0.0,
        "llm_reject_rate": 0.0,
        "marked_object_recall": 0.0,
        "ordinal_actor_binding_accuracy": 0.0,
        "prediction_action_count_mean": 0.0,
        "prediction_beat_count_mean": 0.0,
        "runtime_fallback_rate": 0.0,
        "schema_valid_rate": 0.0,
        "target_resolution_accuracy": 0.0
      },
      "supports": {
        "actions_expected": 0,
        "beat_cases": 0,
        "cases": 0,
        "chronology_cases": 0,
        "marked_refs": 0,
        "ordinal_refs": 0,
        "policy_cases": 0,
        "required_target_actions": 0,
        "target_actions": 0
      }
    },
    "same_type_markers": {
      "case_count": 30,
      "metrics": {
        "action_recall": 0.016666666666666666,
        "average_target_length": 889.8,
        "beat_count_accuracy": 0.0,
        "canonical_parse_rate": 1.0,
        "case_strict_success_rate": 0.0,
        "chronology_phase_accuracy": 0.0,
        "dangling_target_rate": 0.0,
        "described_action_precision": 1.0,
        "exact_marked_object_id_accuracy": 1.0,
        "json_valid_rate": 1.0,
        "llm_accept_rate": 0.23333333333333334,
        "llm_merge_rate": 0.0,
        "llm_reject_rate": 0.7666666666666667,
        "marked_object_recall": 1.0,
        "ordinal_actor_binding_accuracy": 1.0,
        "prediction_action_count_mean": 0.4666666666666667,
        "prediction_beat_count_mean": 2.0,
        "runtime_fallback_rate": 0.7666666666666667,
        "schema_valid_rate": 1.0,
        "target_resolution_accuracy": 0.03333333333333333
      },
      "supports": {
        "actions_expected": 60,
        "beat_cases": 30,
        "cases": 30,
        "chronology_cases": 30,
        "marked_refs": 60,
        "ordinal_refs": 60,
        "policy_cases": 30,
        "required_target_actions": 2,
        "target_actions": 30
      }
    },
    "three_beat_cases": {
      "case_count": 40,
      "metrics": {
        "action_recall": 0.3804347826086957,
        "average_target_length": 717.35,
        "beat_count_accuracy": 0.525,
        "canonical_parse_rate": 0.7,
        "case_strict_success_rate": 0.225,
        "chronology_phase_accuracy": 0.225,
        "dangling_target_rate": 0.0,
        "described_action_precision": 1.0,
        "exact_marked_object_id_accuracy": 0.9583333333333334,
        "json_valid_rate": 0.7,
        "llm_accept_rate": 0.425,
        "llm_merge_rate": 0.0,
        "llm_reject_rate": 0.575,
        "marked_object_recall": 0.9583333333333334,
        "ordinal_actor_binding_accuracy": 0.6354166666666666,
        "prediction_action_count_mean": 2.675,
        "prediction_beat_count_mean": 2.325,
        "runtime_fallback_rate": 0.575,
        "schema_valid_rate": 0.7,
        "target_resolution_accuracy": 0.375
      },
      "supports": {
        "actions_expected": 184,
        "beat_cases": 40,
        "cases": 40,
        "chronology_cases": 40,
        "marked_refs": 24,
        "ordinal_refs": 96,
        "policy_cases": 40,
        "required_target_actions": 34,
        "target_actions": 160
      }
    },
    "unsupported_action_cases": {
      "case_count": 0,
      "metrics": {
        "action_recall": 0.0,
        "average_target_length": 0.0,