{
  "overall": {
    "case_count": 262,
    "metrics": {
      "action_recall": 0.06030855539971949,
      "average_target_length": 779.4503816793894,
      "beat_count_accuracy": 0.27099236641221375,
      "canonical_parse_rate": 0.9885496183206107,
      "case_strict_success_rate": 0.022900763358778626,
      "chronology_phase_accuracy": 0.04580152671755725,
      "dangling_target_rate": 0.0,
      "described_action_precision": 1.0,
      "exact_marked_object_id_accuracy": 1.0,
      "json_valid_rate": 0.9885496183206107,
      "llm_accept_rate": 0.026717557251908396,
      "llm_merge_rate": 0.0,
      "llm_reject_rate": 0.9732824427480916,
      "marked_object_recall": 1.0,
      "ordinal_actor_binding_accuracy": 0.9826388888888888,
      "prediction_action_count_mean": 0.1717557251908397,
      "prediction_beat_count_mean": 2.282442748091603,
      "runtime_fallback_rate": 0.9732824427480916,
      "schema_valid_rate": 0.9885496183206107,
      "target_resolution_accuracy": 0.06324786324786325
    },
    "supports": {
      "actions_expected": 713,
      "beat_cases": 262,
      "cases": 262,
      "chronology_cases": 262,
      "marked_refs": 84,
      "ordinal_refs": 576,
      "policy_cases": 262,
      "required_target_actions": 12,
      "target_actions": 585
    },
    "top_failure_clusters": [
      {
        "cluster_id": "synthetic_heldout::target_resolution_fail::none",
        "count": 103
      },
      {
        "cluster_id": "hard_heldout::target_resolution_fail::ordinal_cases",
        "count": 78
      },
      {
        "cluster_id": "real_runtime::target_resolution_fail::exact_marker_identity_cases",
        "count": 48
      }
    ]
  },
  "run_metadata": {
    "bundle_id": "sgv7_eval_bundle_v1",
    "bundle_version": "eval_bundle_v1",
    "checkpoint_id": "dataset_v7_seed42",
    "contract_version": "sg_v7_contract_v1",
    "decoding_snapshot_hash": "f9779b62a87f9d0c163c51a41bf61e8c23e2223699acdbbf5f7ebba2bbc5d246",
    "grammar_snapshot_hash": "a1f2fc00a384faa69e8177cf9077b50b7e0086cba8f35abbf6fde9ad47af4945",
    "normalization_snapshot_hash": "678bdc22303cae685242a0356ccfddcefb3207d99d05909f80199a6670cf9f71",
    "prompt_snapshot_hash": "6b8fbd0d86cbf3ca09d36516a7e8ec22a96c14b9badde3bdae113dc91a7f940b",
    "runtime_policy_snapshot_hash": "75374ebdf4fa5bf39a9a21543ad6e96fa4d53318d07e25c6ce68411311c19335",
    "seed": 20260419
  },
  "sets": {
    "hard_heldout": {
      "case_count": 89,
      "metrics": {
        "action_recall": 0.0,
        "average_target_length": 947.7977528089888,
        "beat_count_accuracy": 0.056179775280898875,
        "canonical_parse_rate": 0.9775280898876404,
        "case_strict_success_rate": 0.0,
        "chronology_phase_accuracy": 0.0,
        "dangling_target_rate": 0.0,
        "described_action_precision": 1.0,
        "exact_marked_object_id_accuracy": 0.0,
        "json_valid_rate": 0.9775280898876404,
        "llm_accept_rate": 0.0,
        "llm_merge_rate": 0.0,
        "llm_reject_rate": 1.0,
        "marked_object_recall": 0.0,
        "ordinal_actor_binding_accuracy": 0.9737827715355806,
        "prediction_action_count_mean": 0.0,
        "prediction_beat_count_mean": 2.842696629213483,
        "runtime_fallback_rate": 1.0,
        "schema_valid_rate": 0.9775280898876404,
        "target_resolution_accuracy": 0.0
      },
      "supports": {
        "actions_expected": 273,
        "beat_cases": 89,
        "cases": 89,
        "chronology_cases": 89,
        "marked_refs": 0,
        "ordinal_refs": 267,
        "policy_cases": 89,
        "required_target_actions": 0,
        "target_actions": 200
      },
      "top_failure_clusters": [
        {
          "cluster_id": "hard_heldout::target_resolution_fail::ordinal_cases",
          "count": 78
        },
        {
          "cluster_id": "hard_heldout::target_resolution_fail::three_beat_cases",
          "count": 8
        },
        {
          "cluster_id": "hard_heldout::json_invalid::three_beat_cases",
          "count": 2
        }
      ]
    },
    "real_runtime": {
      "case_count": 64,
      "metrics": {
        "action_recall": 0.14761904761904762,
        "average_target_length": 840.4375,
        "beat_count_accuracy": 0.421875,
        "canonical_parse_rate": 0.984375,
        "case_strict_success_rate": 0.09375,
        "chronology_phase_accuracy": 0.09375,
        "dangling_target_rate": 0.0,
        "described_action_precision": 1.0,
        "exact_marked_object_id_accuracy": 1.0,
        "json_valid_rate": 0.984375,
        "llm_accept_rate": 0.109375,
        "llm_merge_rate": 0.0,
        "llm_reject_rate": 0.890625,
        "marked_object_recall": 1.0,
        "ordinal_actor_binding_accuracy": 0.9782608695652174,
        "prediction_action_count_mean": 0.515625,
        "prediction_beat_count_mean": 2.375,
        "runtime_fallback_rate": 0.890625,
        "schema_valid_rate": 0.984375,
        "target_resolution_accuracy": 0.16025641025641027
      },
      "supports": {
        "actions_expected": 210,
        "beat_cases": 64,
        "cases": 64,
        "chronology_cases": 64,
        "marked_refs": 84,
        "ordinal_refs": 138,
        "policy_cases": 64,
        "required_target_actions": 12,
        "target_actions": 156
      },
      "top_failure_clusters": [
        {
          "cluster_id": "real_runtime::target_resolution_fail::exact_marker_identity_cases",
          "count": 48
        },
        {
          "cluster_id": "real_runtime::pass::exact_marker_identity_cases",
          "count": 6
        },
        {
          "cluster_id": "real_runtime::target_resolution_fail::ordinal_cases",
          "count": 5
        }
      ]
    },
    "synthetic_heldout": {
      "case_count": 109,
      "metrics": {
        "action_recall": 0.05217391304347826,
        "average_target_length": 606.183486238532,
        "beat_count_accuracy": 0.3577981651376147,
        "canonical_parse_rate": 1.0,
        "case_strict_success_rate": 0.0,
        "chronology_phase_accuracy": 0.05504587155963303,
        "dangling_target_rate": 0.0,
        "described_action_precision": 1.0,
        "exact_marked_object_id_accuracy": 0.0,
        "json_valid_rate": 1.0,
        "llm_accept_rate": 0.0,
        "llm_merge_rate": 0.0,
        "llm_reject_rate": 1.0,
        "marked_object_recall": 0.0,
        "ordinal_actor_binding_accuracy": 1.0,
        "prediction_action_count_mean": 0.11009174311926606,
        "prediction_beat_count_mean": 1.7706422018348624,
        "runtime_fallback_rate": 1.0,
        "schema_valid_rate": 1.0,
        "target_resolution_accuracy": 0.05240174672489083
      },
      "supports": {
        "actions_expected": 230,
        "beat_cases": 109,
        "cases": 109,
        "chronology_cases": 109,
        "marked_refs": 0,
        "ordinal_refs": 171,
        "policy_cases": 109,
        "required_target_actions": 0,
        "target_actions": 229
      },
      "top_failure_clusters": [
        {
          "cluster_id": "synthetic_heldout::target_resolution_fail::none",
          "count": 103
        },
        {
          "cluster_id": "synthetic_heldout::fallback_reject::none",
          "count": 6
        }
      ]
    }
  }
}
