label,n,json_valid_rate,schema_relaxed_rate,schema_strict_rate,exact_match_rate,actor_count_match_rate,object_count_match_rate,beat_count_match_rate,action_count_match_rate,avg_latency_ms,avg_output_tokens,error_breakdown
baseline_qwen3,198,1.0,0.07575757575757576,0.07575757575757576,0.0,0.07575757575757576,0.07575757575757576,0.03535353535353535,0.0,16994.111940114184,239.25252525252526,"{'schema_violation': 183, 'action_count_mismatch': 7, 'beat_count_mismatch': 8}"
sft_qwen3_lora,198,1.0,0.5757575757575758,0.5757575757575758,0.12121212121212122,0.5606060606060606,0.5757575757575758,0.5757575757575758,0.5757575757575758,27541.374602703134,224.96464646464648,"{'exact_match': 24, 'content_mismatch': 87, 'schema_violation': 84, 'actor_count_mismatch': 3}"
