{
  "overall": {
    "case_count": 262,
    "metrics": {
      "action_recall": 0.12903225806451613,
      "average_target_length": 807.0801526717557,
      "beat_count_accuracy": 0.27099236641221375,
      "canonical_parse_rate": 0.9809160305343512,
      "case_strict_success_rate": 0.019083969465648856,
      "chronology_phase_accuracy": 0.04580152671755725,
      "dangling_target_rate": 0.0,
      "described_action_precision": 1.0,
      "exact_marked_object_id_accuracy": 1.0,
      "json_valid_rate": 0.9809160305343512,
      "llm_accept_rate": 0.13740458015267176,
      "llm_merge_rate": 0.022900763358778626,
      "llm_reject_rate": 0.8396946564885496,
      "marked_object_recall": 1.0,
      "ordinal_actor_binding_accuracy": 0.9722222222222222,
      "prediction_action_count_mean": 1.3778625954198473,
      "prediction_beat_count_mean": 2.2442748091603053,
      "runtime_fallback_rate": 0.8625954198473282,
      "schema_valid_rate": 0.9809160305343512,
      "target_resolution_accuracy": 0.14871794871794872
    },
    "supports": {
      "actions_expected": 713,
      "beat_cases": 262,
      "cases": 262,
      "chronology_cases": 262,
      "marked_refs": 84,
      "ordinal_refs": 576,
      "policy_cases": 262,
      "required_target_actions": 31,
      "target_actions": 585
    },
    "top_failure_clusters": [
      {
        "cluster_id": "synthetic_heldout::target_resolution_fail::none",
        "count": 102
      },
      {
        "cluster_id": "hard_heldout::target_resolution_fail::ordinal_cases",
        "count": 78
      },
      {
        "cluster_id": "real_runtime::target_resolution_fail::exact_marker_identity_cases",
        "count": 48
      }
    ]
  },
  "run_metadata": {
    "bundle_id": "sgv7_eval_bundle_v1",
    "bundle_version": "eval_bundle_v1",
    "checkpoint_id": "dataset_v7_seed42",
    "contract_version": "sg_v7_contract_v1",
    "decoding_snapshot_hash": "f9779b62a87f9d0c163c51a41bf61e8c23e2223699acdbbf5f7ebba2bbc5d246",
    "grammar_snapshot_hash": "a1f2fc00a384faa69e8177cf9077b50b7e0086cba8f35abbf6fde9ad47af4945",
    "normalization_snapshot_hash": "678bdc22303cae685242a0356ccfddcefb3207d99d05909f80199a6670cf9f71",
    "prompt_snapshot_hash": "6b8fbd0d86cbf3ca09d36516a7e8ec22a96c14b9badde3bdae113dc91a7f940b",
    "runtime_policy_snapshot_hash": "75374ebdf4fa5bf39a9a21543ad6e96fa4d53318d07e25c6ce68411311c19335",
    "seed": 20260421
  },
  "sets": {
    "hard_heldout": {
      "case_count": 89,
      "metrics": {
        "action_recall": 0.02197802197802198,
        "average_target_length": 952.9325842696629,
        "beat_count_accuracy": 0.0449438202247191,
        "canonical_parse_rate": 0.9550561797752809,
        "case_strict_success_rate": 0.0,
        "chronology_phase_accuracy": 0.0,
        "dangling_target_rate": 0.0,
        "described_action_precision": 1.0,
        "exact_marked_object_id_accuracy": 0.0,
        "json_valid_rate": 0.9550561797752809,
        "llm_accept_rate": 0.16853932584269662,
        "llm_merge_rate": 0.033707865168539325,
        "llm_reject_rate": 0.797752808988764,
        "marked_object_recall": 0.0,
        "ordinal_actor_binding_accuracy": 0.951310861423221,
        "prediction_action_count_mean": 0.7303370786516854,
        "prediction_beat_count_mean": 2.7865168539325844,
        "runtime_fallback_rate": 0.8314606741573034,
        "schema_valid_rate": 0.9550561797752809,
        "target_resolution_accuracy": 0.03
      },
      "supports": {
        "actions_expected": 273,
        "beat_cases": 89,
        "cases": 89,
        "chronology_cases": 89,
        "marked_refs": 0,
        "ordinal_refs": 267,
        "policy_cases": 89,
        "required_target_actions": 1,
        "target_actions": 200
      },
      "top_failure_clusters": [
        {
          "cluster_id": "hard_heldout::target_resolution_fail::ordinal_cases",
          "count": 78
        },
        {
          "cluster_id": "hard_heldout::target_resolution_fail::three_beat_cases",
          "count": 6
        },
        {
          "cluster_id": "hard_heldout::json_invalid::three_beat_cases",
          "count": 4
        }
      ]
    },
    "real_runtime": {
      "case_count": 64,
      "metrics": {
        "action_recall": 0.2571428571428571,
        "average_target_length": 879.609375,
        "beat_count_accuracy": 0.421875,
        "canonical_parse_rate": 0.984375,
        "case_strict_success_rate": 0.078125,
        "chronology_phase_accuracy": 0.078125,
        "dangling_target_rate": 0.0,
        "described_action_precision": 1.0,
        "exact_marked_object_id_accuracy": 1.0,
        "json_valid_rate": 0.984375,
        "llm_accept_rate": 0.328125,
        "llm_merge_rate": 0.0,
        "llm_reject_rate": 0.671875,
        "marked_object_recall": 1.0,
        "ordinal_actor_binding_accuracy": 0.9782608695652174,
        "prediction_action_count_mean": 1.6875,
        "prediction_beat_count_mean": 2.375,
        "runtime_fallback_rate": 0.671875,
        "schema_valid_rate": 0.984375,
        "target_resolution_accuracy": 0.3141025641025641
      },
      "supports": {
        "actions_expected": 210,
        "beat_cases": 64,
        "cases": 64,
        "chronology_cases": 64,
        "marked_refs": 84,
        "ordinal_refs": 138,
        "policy_cases": 64,
        "required_target_actions": 30,
        "target_actions": 156
      },
      "top_failure_clusters": [
        {
          "cluster_id": "real_runtime::target_resolution_fail::exact_marker_identity_cases",
          "count": 48
        },
        {
          "cluster_id": "real_runtime::pass::exact_marker_identity_cases",
          "count": 5
        },
        {
          "cluster_id": "real_runtime::target_resolution_fail::ordinal_cases",
          "count": 5
        }
      ]
    },
    "synthetic_heldout": {
      "case_count": 109,
      "metrics": {
        "action_recall": 0.1391304347826087,
        "average_target_length": 645.4036697247707,
        "beat_count_accuracy": 0.3669724770642202,
        "canonical_parse_rate": 1.0,
        "case_strict_success_rate": 0.0,
        "chronology_phase_accuracy": 0.06422018348623854,
        "dangling_target_rate": 0.0,
        "described_action_precision": 1.0,
        "exact_marked_object_id_accuracy": 0.0,
        "json_valid_rate": 1.0,
        "llm_accept_rate": 0.0,
        "llm_merge_rate": 0.027522935779816515,
        "llm_reject_rate": 0.9724770642201835,
        "marked_object_recall": 0.0,
        "ordinal_actor_binding_accuracy": 1.0,
        "prediction_action_count_mean": 1.724770642201835,
        "prediction_beat_count_mean": 1.724770642201835,
        "runtime_fallback_rate": 1.0,
        "schema_valid_rate": 1.0,
        "target_resolution_accuracy": 0.13973799126637554
      },
      "supports": {
        "actions_expected": 230,
        "beat_cases": 109,
        "cases": 109,
        "chronology_cases": 109,
        "marked_refs": 0,
        "ordinal_refs": 171,
        "policy_cases": 109,
        "required_target_actions": 0,
        "target_actions": 229
      },
      "top_failure_clusters": [
        {
          "cluster_id": "synthetic_heldout::target_resolution_fail::none",
          "count": 102
        },
        {
          "cluster_id": "synthetic_heldout::fallback_reject::none",
          "count": 7
        }
      ]
    }
  }
}
