{
  "buckets": {
    "exact_marker_identity_cases": {
      "case_count": 54,
      "metrics": {
        "action_recall": 0.6888888888888889,
        "average_target_length": 1253.2037037037037,
        "beat_count_accuracy": 0.1111111111111111,
        "canonical_parse_rate": 0.9814814814814815,
        "case_strict_success_rate": 0.3333333333333333,
        "chronology_phase_accuracy": 0.3333333333333333,
        "dangling_target_rate": 0.3614457831325301,
        "described_action_precision": 1.0,
        "exact_marked_object_id_accuracy": 0.9880952380952381,
        "json_valid_rate": 0.9814814814814815,
        "llm_accept_rate": 0.9814814814814815,
        "llm_merge_rate": 0.0,
        "llm_reject_rate": 0.018518518518518517,
        "marked_object_recall": 0.9880952380952381,
        "ordinal_actor_binding_accuracy": 0.9259259259259259,
        "prediction_action_count_mean": 4.425925925925926,
        "prediction_beat_count_mean": 2.8333333333333335,
        "runtime_fallback_rate": 0.018518518518518517,
        "schema_valid_rate": 0.42592592592592593,
        "target_resolution_accuracy": 0.7142857142857143
      },
      "supports": {
        "actions_expected": 180,
        "beat_cases": 54,
        "cases": 54,
        "chronology_cases": 54,
        "marked_refs": 84,
        "ordinal_refs": 108,
        "policy_cases": 54,
        "required_target_actions": 166,
        "target_actions": 126
      }
    },
    "marked_object_morphology": {
      "case_count": 54,
      "metrics": {
        "action_recall": 0.6888888888888889,
        "average_target_length": 1253.2037037037037,
        "beat_count_accuracy": 0.1111111111111111,
        "canonical_parse_rate": 0.9814814814814815,
        "case_strict_success_rate": 0.3333333333333333,
        "chronology_phase_accuracy": 0.3333333333333333,
        "dangling_target_rate": 0.3614457831325301,
        "described_action_precision": 1.0,
        "exact_marked_object_id_accuracy": 0.9880952380952381,
        "json_valid_rate": 0.9814814814814815,
        "llm_accept_rate": 0.9814814814814815,
        "llm_merge_rate": 0.0,
        "llm_reject_rate": 0.018518518518518517,
        "marked_object_recall": 0.9880952380952381,
        "ordinal_actor_binding_accuracy": 0.9259259259259259,
        "prediction_action_count_mean": 4.425925925925926,
        "prediction_beat_count_mean": 2.8333333333333335,
        "runtime_fallback_rate": 0.018518518518518517,
        "schema_valid_rate": 0.42592592592592593,
        "target_resolution_accuracy": 0.7142857142857143
      },
      "supports": {
        "actions_expected": 180,
        "beat_cases": 54,
        "cases": 54,
        "chronology_cases": 54,
        "marked_refs": 84,
        "ordinal_refs": 108,
        "policy_cases": 54,
        "required_target_actions": 166,
        "target_actions": 126
      }
    },
    "ordinal_cases": {
      "case_count": 137,
      "metrics": {
        "action_recall": 0.3460620525059666,
        "average_target_length": 650.007299270073,
        "beat_count_accuracy": 0.11678832116788321,
        "canonical_parse_rate": 0.5620437956204379,
        "case_strict_success_rate": 0.17518248175182483,
        "chronology_phase_accuracy": 0.17518248175182483,
        "dangling_target_rate": 0.4068627450980392,
        "described_action_precision": 1.0,
        "exact_marked_object_id_accuracy": 0.9880952380952381,
        "json_valid_rate": 0.5620437956204379,
        "llm_accept_rate": 0.4744525547445255,
        "llm_merge_rate": 0.08759124087591241,
        "llm_reject_rate": 0.43795620437956206,
        "marked_object_recall": 0.9880952380952381,
        "ordinal_actor_binding_accuracy": 0.4733893557422969,
        "prediction_action_count_mean": 2.2992700729927007,
        "prediction_beat_count_mean": 1.5693430656934306,
        "runtime_fallback_rate": 0.5255474452554745,
        "schema_valid_rate": 0.24817518248175183,
        "target_resolution_accuracy": 0.3801369863013699
      },
      "supports": {
        "actions_expected": 419,
        "beat_cases": 137,
        "cases": 137,
        "chronology_cases": 137,
        "marked_refs": 84,
        "ordinal_refs": 357,
        "policy_cases": 137,
        "required_target_actions": 204,
        "target_actions": 292
      }
    },
    "reviewed_merge_cases": {
      "case_count": 0,
      "metrics": {
        "action_recall": 0.0,
        "average_target_length": 0.0,
        "beat_count_accuracy": 0.0,
        "canonical_parse_rate": 0.0,
        "case_strict_success_rate": 0.0,
        "chronology_phase_accuracy": 0.0,
        "dangling_target_rate": 0.0,
        "described_action_precision": 1.0,
        "exact_marked_object_id_accuracy": 0.0,
        "json_valid_rate": 0.0,
        "llm_accept_rate": 0.0,
        "llm_merge_rate": 0.0,
        "llm_reject_rate": 0.0,
        "marked_object_recall": 0.0,
        "ordinal_actor_binding_accuracy": 0.0,
        "prediction_action_count_mean": 0.0,
        "prediction_beat_count_mean": 0.0,
        "runtime_fallback_rate": 0.0,
        "schema_valid_rate": 0.0,
        "target_resolution_accuracy": 0.0
      },
      "supports": {
        "actions_expected": 0,
        "beat_cases": 0,
        "cases": 0,
        "chronology_cases": 0,
        "marked_refs": 0,
        "ordinal_refs": 0,
        "policy_cases": 0,
        "required_target_actions": 0,
        "target_actions": 0
      }
    },
    "same_type_markers": {
      "case_count": 30,
      "metrics": {
        "action_recall": 0.7333333333333333,
        "average_target_length": 1095.9666666666667,
        "beat_count_accuracy": 0.0,
        "canonical_parse_rate": 1.0,
        "case_strict_success_rate": 0.4666666666666667,
        "chronology_phase_accuracy": 0.4666666666666667,
        "dangling_target_rate": 0.6666666666666666,
        "described_action_precision": 1.0,
        "exact_marked_object_id_accuracy": 1.0,
        "json_valid_rate": 1.0,
        "llm_accept_rate": 1.0,
        "llm_merge_rate": 0.0,
        "llm_reject_rate": 0.0,
        "marked_object_recall": 1.0,
        "ordinal_actor_binding_accuracy": 1.0,
        "prediction_action_count_mean": 3.0,
        "prediction_beat_count_mean": 2.0,
        "runtime_fallback_rate": 0.0,
        "schema_valid_rate": 0.0,
        "target_resolution_accuracy": 0.4666666666666667
      },
      "supports": {
        "actions_expected": 60,
        "beat_cases": 30,
        "cases": 30,
        "chronology_cases": 30,
        "marked_refs": 60,
        "ordinal_refs": 60,
        "policy_cases": 30,
        "required_target_actions": 90,
        "target_actions": 30
      }
    },
    "three_beat_cases": {
      "case_count": 40,
      "metrics": {
        "action_recall": 0.5163043478260869,
        "average_target_length": 1209.0,
        "beat_count_accuracy": 0.175,
        "canonical_parse_rate": 0.85,
        "case_strict_success_rate": 0.125,
        "chronology_phase_accuracy": 0.125,
        "dangling_target_rate": 0.0,
        "described_action_precision": 1.0,
        "exact_marked_object_id_accuracy": 0.9583333333333334,
        "json_valid_rate": 0.85,
        "llm_accept_rate": 0.85,
        "llm_merge_rate": 0.0,
        "llm_reject_rate": 0.15,
        "marked_object_recall": 0.9583333333333334,
        "ordinal_actor_binding_accuracy": 0.7604166666666666,
        "prediction_action_count_mean": 4.875,
        "prediction_beat_count_mean": 3.4,
        "runtime_fallback_rate": 0.15,
        "schema_valid_rate": 0.85,
        "target_resolution_accuracy": 0.56875
      },
      "supports": {
        "actions_expected": 184,
        "beat_cases": 40,
        "cases": 40,
        "chronology_cases": 40,
        "marked_refs": 24,
        "ordinal_refs": 96,
        "policy_cases": 40,
        "required_target_actions": 76,
        "target_actions": 160
      }
    },
    "unsupported_action_cases": {
      "case_count": 0,
      "metrics": {
        "action_recall": 0.0,