{
  "overall": {
    "case_count": 262,
    "metrics": {
      "action_recall": 0.08835904628330996,
      "average_target_length": 755.6259541984733,
      "beat_count_accuracy": 0.2595419847328244,
      "canonical_parse_rate": 0.9580152671755725,
      "case_strict_success_rate": 0.026717557251908396,
      "chronology_phase_accuracy": 0.07633587786259542,
      "dangling_target_rate": 0.0,
      "described_action_precision": 1.0,
      "exact_marked_object_id_accuracy": 1.0,
      "json_valid_rate": 0.9580152671755725,
      "llm_accept_rate": 0.03435114503816794,
      "llm_merge_rate": 0.0,
      "llm_reject_rate": 0.9656488549618321,
      "marked_object_recall": 1.0,
      "ordinal_actor_binding_accuracy": 0.9409722222222222,
      "prediction_action_count_mean": 0.2595419847328244,
      "prediction_beat_count_mean": 2.145038167938931,
      "runtime_fallback_rate": 0.9656488549618321,
      "schema_valid_rate": 0.9580152671755725,
      "target_resolution_accuracy": 0.09572649572649573
    },
    "supports": {
      "actions_expected": 713,
      "beat_cases": 262,
      "cases": 262,
      "chronology_cases": 262,
      "marked_refs": 84,
      "ordinal_refs": 576,
      "policy_cases": 262,
      "required_target_actions": 14,
      "target_actions": 585
    },
    "top_failure_clusters": [
      {
        "cluster_id": "synthetic_heldout::target_resolution_fail::none",
        "count": 96
      },
      {
        "cluster_id": "hard_heldout::target_resolution_fail::ordinal_cases",
        "count": 77
      },
      {
        "cluster_id": "real_runtime::target_resolution_fail::exact_marker_identity_cases",
        "count": 47
      }
    ]
  },
  "run_metadata": {
    "bundle_id": "sgv7_eval_bundle_v1",
    "bundle_version": "eval_bundle_v1",
    "checkpoint_id": "dataset_v7_orpo_iter1_seed42",
    "contract_version": "sg_v7_contract_v1",
    "decoding_snapshot_hash": "f9779b62a87f9d0c163c51a41bf61e8c23e2223699acdbbf5f7ebba2bbc5d246",
    "grammar_snapshot_hash": "a1f2fc00a384faa69e8177cf9077b50b7e0086cba8f35abbf6fde9ad47af4945",
    "normalization_snapshot_hash": "678bdc22303cae685242a0356ccfddcefb3207d99d05909f80199a6670cf9f71",
    "prompt_snapshot_hash": "6b8fbd0d86cbf3ca09d36516a7e8ec22a96c14b9badde3bdae113dc91a7f940b",
    "runtime_policy_snapshot_hash": "75374ebdf4fa5bf39a9a21543ad6e96fa4d53318d07e25c6ce68411311c19335",
    "seed": 20260419
  },
  "sets": {
    "hard_heldout": {
      "case_count": 89,
      "metrics": {
        "action_recall": 0.003663003663003663,
        "average_target_length": 895.0674157303371,
        "beat_count_accuracy": 0.011235955056179775,
        "canonical_parse_rate": 0.898876404494382,
        "case_strict_success_rate": 0.0,
        "chronology_phase_accuracy": 0.0,
        "dangling_target_rate": 0.0,
        "described_action_precision": 1.0,
        "exact_marked_object_id_accuracy": 0.0,
        "json_valid_rate": 0.898876404494382,
        "llm_accept_rate": 0.011235955056179775,
        "llm_merge_rate": 0.0,
        "llm_reject_rate": 0.9887640449438202,
        "marked_object_recall": 0.0,
        "ordinal_actor_binding_accuracy": 0.8951310861423221,
        "prediction_action_count_mean": 0.0449438202247191,
        "prediction_beat_count_mean": 2.6179775280898876,
        "runtime_fallback_rate": 0.9887640449438202,
        "schema_valid_rate": 0.898876404494382,
        "target_resolution_accuracy": 0.005
      },
      "supports": {
        "actions_expected": 273,
        "beat_cases": 89,
        "cases": 89,
        "chronology_cases": 89,
        "marked_refs": 0,
        "ordinal_refs": 267,
        "policy_cases": 89,
        "required_target_actions": 0,
        "target_actions": 200
      },
      "top_failure_clusters": [
        {
          "cluster_id": "hard_heldout::target_resolution_fail::ordinal_cases",
          "count": 77
        },
        {
          "cluster_id": "hard_heldout::json_invalid::three_beat_cases",
          "count": 9
        },
        {
          "cluster_id": "hard_heldout::target_resolution_fail::three_beat_cases",
          "count": 2
        }
      ]
    },
    "real_runtime": {
      "case_count": 64,
      "metrics": {
        "action_recall": 0.17142857142857143,
        "average_target_length": 834.59375,
        "beat_count_accuracy": 0.375,
        "canonical_parse_rate": 0.96875,
        "case_strict_success_rate": 0.109375,
        "chronology_phase_accuracy": 0.109375,
        "dangling_target_rate": 0.0,
        "described_action_precision": 1.0,
        "exact_marked_object_id_accuracy": 1.0,
        "json_valid_rate": 0.96875,
        "llm_accept_rate": 0.125,
        "llm_merge_rate": 0.0,
        "llm_reject_rate": 0.875,
        "marked_object_recall": 1.0,
        "ordinal_actor_binding_accuracy": 0.9565217391304348,
        "prediction_action_count_mean": 0.59375,
        "prediction_beat_count_mean": 2.375,
        "runtime_fallback_rate": 0.875,
        "schema_valid_rate": 0.96875,
        "target_resolution_accuracy": 0.1858974358974359
      },
      "supports": {
        "actions_expected": 210,
        "beat_cases": 64,
        "cases": 64,
        "chronology_cases": 64,
        "marked_refs": 84,
        "ordinal_refs": 138,
        "policy_cases": 64,
        "required_target_actions": 14,
        "target_actions": 156
      },
      "top_failure_clusters": [
        {
          "cluster_id": "real_runtime::target_resolution_fail::exact_marker_identity_cases",
          "count": 47
        },
        {
          "cluster_id": "real_runtime::pass::exact_marker_identity_cases",
          "count": 7
        },
        {
          "cluster_id": "real_runtime::target_resolution_fail::ordinal_cases",
          "count": 5
        }
      ]
    },
    "synthetic_heldout": {
      "case_count": 109,
      "metrics": {
        "action_recall": 0.11304347826086956,
        "average_target_length": 595.4036697247707,
        "beat_count_accuracy": 0.3944954128440367,
        "canonical_parse_rate": 1.0,
        "case_strict_success_rate": 0.0,
        "chronology_phase_accuracy": 0.11926605504587157,
        "dangling_target_rate": 0.0,
        "described_action_precision": 1.0,
        "exact_marked_object_id_accuracy": 0.0,
        "json_valid_rate": 1.0,
        "llm_accept_rate": 0.0,
        "llm_merge_rate": 0.0,
        "llm_reject_rate": 1.0,
        "marked_object_recall": 0.0,
        "ordinal_actor_binding_accuracy": 1.0,
        "prediction_action_count_mean": 0.23853211009174313,
        "prediction_beat_count_mean": 1.6238532110091743,
        "runtime_fallback_rate": 1.0,
        "schema_valid_rate": 1.0,
        "target_resolution_accuracy": 0.11353711790393013
      },
      "supports": {
        "actions_expected": 230,
        "beat_cases": 109,
        "cases": 109,
        "chronology_cases": 109,
        "marked_refs": 0,
        "ordinal_refs": 171,
        "policy_cases": 109,
        "required_target_actions": 0,
        "target_actions": 229
      },
      "top_failure_clusters": [
        {
          "cluster_id": "synthetic_heldout::target_resolution_fail::none",
          "count": 96
        },
        {
          "cluster_id": "synthetic_heldout::fallback_reject::none",
          "count": 13
        }
      ]
    }
  }
}
