{
  "overall": {
    "case_count": 262,
    "metrics": {
      "action_recall": 0.45722300140252453,
      "average_target_length": 882.6832061068702,
      "beat_count_accuracy": 0.2748091603053435,
      "canonical_parse_rate": 0.9465648854961832,
      "case_strict_success_rate": 0.09541984732824428,
      "chronology_phase_accuracy": 0.14122137404580154,
      "dangling_target_rate": 0.6711956521739131,
      "described_action_precision": 1.0,
      "exact_marked_object_id_accuracy": 0.9880952380952381,
      "json_valid_rate": 0.9465648854961832,
      "llm_accept_rate": 0.2900763358778626,
      "llm_merge_rate": 0.33587786259541985,
      "llm_reject_rate": 0.37404580152671757,
      "marked_object_recall": 0.9880952380952381,
      "ordinal_actor_binding_accuracy": 0.8402777777777778,
      "prediction_action_count_mean": 3.1717557251908395,
      "prediction_beat_count_mean": 2.4236641221374047,
      "runtime_fallback_rate": 0.7099236641221374,
      "schema_valid_rate": 0.5648854961832062,
      "target_resolution_accuracy": 0.4683760683760684
    },
    "supports": {
      "actions_expected": 713,
      "beat_cases": 262,
      "cases": 262,
      "chronology_cases": 262,
      "marked_refs": 84,
      "ordinal_refs": 576,
      "policy_cases": 262,
      "required_target_actions": 368,
      "target_actions": 585
    },
    "top_failure_clusters": [
      {
        "cluster_id": "hard_heldout::schema_invalid::ordinal_cases",
        "count": 69
      },
      {
        "cluster_id": "synthetic_heldout::ordinal_binding_fail::none",
        "count": 44
      },
      {
        "cluster_id": "synthetic_heldout::chronology_phase_fail::none",
        "count": 37
      }
    ]
  },
  "run_metadata": {
    "bundle_id": "sgv7_eval_bundle_v1",
    "bundle_version": "eval_bundle_v1",
    "checkpoint_id": "dataset_v8_plan_sft_seed42",
    "contract_version": "sg_v7_contract_v1",
    "decoding_snapshot_hash": "f9779b62a87f9d0c163c51a41bf61e8c23e2223699acdbbf5f7ebba2bbc5d246",
    "grammar_snapshot_hash": "a1f2fc00a384faa69e8177cf9077b50b7e0086cba8f35abbf6fde9ad47af4945",
    "normalization_snapshot_hash": "678bdc22303cae685242a0356ccfddcefb3207d99d05909f80199a6670cf9f71",
    "prompt_snapshot_hash": "6b8fbd0d86cbf3ca09d36516a7e8ec22a96c14b9badde3bdae113dc91a7f940b",
    "runtime_policy_snapshot_hash": "75374ebdf4fa5bf39a9a21543ad6e96fa4d53318d07e25c6ce68411311c19335",
    "seed": 20260421
  },
  "sets": {
    "hard_heldout": {
      "case_count": 89,
      "metrics": {
        "action_recall": 0.27472527472527475,
        "average_target_length": 836.5842696629213,
        "beat_count_accuracy": 0.06741573033707865,
        "canonical_parse_rate": 0.9101123595505618,
        "case_strict_success_rate": 0.056179775280898875,
        "chronology_phase_accuracy": 0.056179775280898875,
        "dangling_target_rate": 0.925,
        "described_action_precision": 1.0,
        "exact_marked_object_id_accuracy": 0.0,
        "json_valid_rate": 0.9101123595505618,
        "llm_accept_rate": 0.14606741573033707,
        "llm_merge_rate": 0.7640449438202247,
        "llm_reject_rate": 0.0898876404494382,
        "marked_object_recall": 0.0,
        "ordinal_actor_binding_accuracy": 0.8876404494382022,
        "prediction_action_count_mean": 3.662921348314607,
        "prediction_beat_count_mean": 2.640449438202247,
        "runtime_fallback_rate": 0.8539325842696629,
        "schema_valid_rate": 0.1348314606741573,
        "target_resolution_accuracy": 0.285
      },
      "supports": {
        "actions_expected": 273,
        "beat_cases": 89,
        "cases": 89,
        "chronology_cases": 89,
        "marked_refs": 0,
        "ordinal_refs": 267,
        "policy_cases": 89,
        "required_target_actions": 200,
        "target_actions": 200
      },
      "top_failure_clusters": [
        {
          "cluster_id": "hard_heldout::schema_invalid::ordinal_cases",
          "count": 69
        },
        {
          "cluster_id": "hard_heldout::json_invalid::three_beat_cases",
          "count": 5
        },
        {
          "cluster_id": "hard_heldout::target_resolution_fail::three_beat_cases",
          "count": 5
        }
      ]
    },
    "real_runtime": {
      "case_count": 64,
      "metrics": {
        "action_recall": 0.6523809523809524,
        "average_target_length": 1219.53125,
        "beat_count_accuracy": 0.171875,
        "canonical_parse_rate": 0.984375,
        "case_strict_success_rate": 0.3125,
        "chronology_phase_accuracy": 0.3125,
        "dangling_target_rate": 0.3614457831325301,
        "described_action_precision": 1.0,
        "exact_marked_object_id_accuracy": 0.9880952380952381,
        "json_valid_rate": 0.984375,
        "llm_accept_rate": 0.984375,
        "llm_merge_rate": 0.0,
        "llm_reject_rate": 0.015625,
        "marked_object_recall": 0.9880952380952381,
        "ordinal_actor_binding_accuracy": 0.9420289855072463,
        "prediction_action_count_mean": 4.234375,
        "prediction_beat_count_mean": 2.859375,
        "runtime_fallback_rate": 0.015625,
        "schema_valid_rate": 0.515625,
        "target_resolution_accuracy": 0.6602564102564102
      },
      "supports": {
        "actions_expected": 210,
        "beat_cases": 64,
        "cases": 64,
        "chronology_cases": 64,
        "marked_refs": 84,
        "ordinal_refs": 138,
        "policy_cases": 64,
        "required_target_actions": 166,
        "target_actions": 156
      },
      "top_failure_clusters": [
        {
          "cluster_id": "real_runtime::schema_invalid::exact_marker_identity_cases",
          "count": 30
        },
        {
          "cluster_id": "real_runtime::chronology_phase_fail::exact_marker_identity_cases",
          "count": 14
        },
        {
          "cluster_id": "real_runtime::target_resolution_fail::three_beat_cases",
          "count": 5
        }
      ]
    },
    "synthetic_heldout": {
      "case_count": 109,
      "metrics": {
        "action_recall": 0.4956521739130435,
        "average_target_length": 722.5412844036697,
        "beat_count_accuracy": 0.5045871559633027,
        "canonical_parse_rate": 0.9541284403669725,
        "case_strict_success_rate": 0.0,
        "chronology_phase_accuracy": 0.11009174311926606,
        "dangling_target_rate": 1.0,
        "described_action_precision": 1.0,
        "exact_marked_object_id_accuracy": 0.0,
        "json_valid_rate": 0.9541284403669725,
        "llm_accept_rate": 0.0,
        "llm_merge_rate": 0.1834862385321101,
        "llm_reject_rate": 0.8165137614678899,
        "marked_object_recall": 0.0,
        "ordinal_actor_binding_accuracy": 0.6842105263157895,
        "prediction_action_count_mean": 2.146788990825688,
        "prediction_beat_count_mean": 1.9908256880733946,
        "runtime_fallback_rate": 1.0,
        "schema_valid_rate": 0.944954128440367,
        "target_resolution_accuracy": 0.4978165938864629
      },
      "supports": {
        "actions_expected": 230,
        "beat_cases": 109,
        "cases": 109,
        "chronology_cases": 109,
        "marked_refs": 0,
        "ordinal_refs": 171,
        "policy_cases": 109,
        "required_target_actions": 2,
        "target_actions": 229
      },
      "top_failure_clusters": [
        {
          "cluster_id": "synthetic_heldout::ordinal_binding_fail::none",
          "count": 44
        },
        {
          "cluster_id": "synthetic_heldout::chronology_phase_fail::none",
          "count": 37
        },
        {
          "cluster_id": "synthetic_heldout::target_resolution_fail::none",
          "count": 11
        }
      ]
    }
  }
}
